Div,DNA,DNA/Crypton,DNA/Crypton-A,DNA/Kolobok,DNA/Merlin,DNA/PIF-Harbinger,DNA/hAT-Ac,DNA/hAT-Blackjack,DNA/hAT-Charlie,LINE/CR1,LINE/L1,LINE/R2,LINE/RTE-BovB,LTR/ERV,LTR/ERV1,LTR/ERVK,LTR/ERVL,LTR/Gypsy,LTR/Unknown,PLE/Chlamys,RC/Helitron,SINE/5S-Deu-L2,SINE/MIR,SINE/tRNA,Unknown
0,1882,0,0,0,0,0,0,0,0,352012,0,13331,0,36953,608049,525805,159972,0,52898,0,0,9620,31,113,116401
1,0,0,0,0,0,0,0,0,0,221718,0,18288,0,34986,585093,1403014,348008,0,60317,0,0,0,0,0,199543
2,0,0,0,0,0,0,0,0,0,117129,0,14708,0,36903,522319,1170127,361769,0,56813,0,0,0,0,90,282035
3,66,0,0,0,0,0,0,0,0,40818,0,7215,0,31092,817972,1279166,506060,0,33351,0,0,35,139,207,385691
4,0,0,0,0,0,0,0,0,0,68371,0,4886,0,21021,796896,1587754,352920,0,37776,0,0,0,272,551,609006
5,0,0,0,0,0,0,284,0,0,76079,213,1471,0,10745,741868,1230717,378593,0,60595,0,0,0,0,800,518229
6,719,0,0,0,0,0,0,0,0,146088,0,894,0,19353,654912,1084631,426023,0,74563,49,51,0,80,810,491314
7,291,0,0,0,116,0,0,43,84,179265,0,43,0,12635,538690,942109,482310,0,86546,57,75,0,0,1813,544638
8,541,0,0,0,0,0,76,0,50,278211,0,749,0,18869,470418,996604,462937,0,69092,0,143,0,250,3197,484852
9,669,0,268,0,0,0,56,1253,0,402023,0,207,606,23783,545668,870255,370552,0,45883,427,256,0,208,2224,423212
10,657,0,0,55,0,0,42,0,52,528759,0,857,0,10600,473076,686267,314036,47,33710,2383,205,0,42,3496,370219
11,383,52,0,0,0,0,0,0,0,693107,0,241,128,6951,419146,547816,376371,141,24531,1515,962,274,1329,4641,373157
12,245,288,90,195,138,96,45,0,285,834927,0,44,0,1890,341130,580361,376877,0,27131,1062,427,101,391,4041,366963
13,491,0,121,0,0,62,58,0,483,961936,0,522,0,4347,342644,613318,416439,2562,29215,2014,2010,0,599,6864,325067
14,311,0,160,0,0,0,258,138,670,1082594,63,139,0,7951,422277,544049,481415,1477,27352,702,2362,0,1438,5344,295457
15,1303,307,368,68,0,70,301,0,411,1094637,0,509,0,7447,370202,407198,538893,2452,26746,1561,1694,0,911,5137,312396
16,1350,246,186,148,178,73,321,0,363,1177614,0,204,0,19046,297684,393283,587790,1496,22469,817,8481,131,1310,6372,381664
17,2373,55,213,182,153,0,296,0,611,1244689,0,330,101,10228,265417,218064,660876,165,20764,1384,18842,257,1271,5368,416922
18,2630,102,287,159,353,85,547,286,1281,1303160,0,536,0,7165,219116,204991,658393,362,15681,714,39578,143,2171,4683,499619
19,3082,464,1071,188,187,81,170,234,1510,1304744,0,819,65,20074,192177,188379,641055,744,11686,1138,46127,168,2754,6295,531803
20,3334,380,443,279,398,0,582,465,1749,1297849,0,284,0,23924,178385,155327,634378,3646,10472,1545,62978,248,2101,3484,547217
21,4074,1016,138,499,441,0,1119,88,1583,1262587,0,514,199,8332,180301,141308,641385,3526,6283,861,67956,380,3484,5100,582213
22,5038,363,360,269,623,136,981,231,1363,1197654,0,1127,303,14262,194849,143826,569498,5770,6930,660,79380,353,4346,2697,586064
23,6623,1261,293,661,567,171,933,1296,1654,1173871,0,0,225,24036,159843,123719,523324,2784,4456,691,79345,407,3404,4236,602869
24,6282,544,196,433,69,94,1011,92,2162,1152669,0,871,292,11261,161636,116450,442782,981,3604,1421,77208,574,4245,3864,635522
25,6281,846,64,424,824,87,981,0,429,1019716,0,5611,274,17827,134742,139012,408948,3337,1661,763,95281,1535,5793,2594,597050
26,7087,583,1153,1096,351,77,851,1761,449,984534,0,4282,334,13741,136617,125429,355466,3423,2908,191,86142,668,8475,1829,603036
27,10198,947,384,773,768,0,1018,472,786,911512,0,289,331,20380,123913,117938,316182,4427,1746,502,92219,1298,5312,2101,560424
28,9651,896,625,597,568,0,961,912,613,881492,0,162,575,47840,123408,92462,280484,2609,1078,894,104618,926,6998,3358,476754
29,6557,318,571,1132,796,0,716,688,531,849235,0,228,786,52990,116384,143110,236929,1437,887,0,104574,1397,8753,2376,450675
30,6797,482,580,594,557,0,1243,637,222,813880,0,125,550,18866,104130,174849,208034,192,748,32,67937,782,8891,2710,407003
31,6846,628,970,936,297,0,966,572,663,763504,0,0,458,15394,130760,161569,187821,0,921,0,81505,907,14142,3165,388189
32,7541,560,152,351,976,0,645,514,267,800925,125,0,783,5854,102941,166584,160459,1172,651,870,52533,505,9704,1283,306023
33,7843,531,236,513,446,0,624,1347,0,778917,442,0,776,17191,121949,165828,142435,0,1547,0,35984,591,8778,2913,261826
34,6141,145,134,332,190,0,312,131,224,822218,0,0,1180,6530,93180,146733,122065,2526,1698,0,32294,731,12994,2781,229732
35,6669,405,429,117,208,0,539,0,0,836342,145,0,1916,2399,85772,124985,104830,1436,31,208,29485,887,6030,2588,176554
36,3717,109,345,699,110,0,437,691,0,855889,0,1412,1079,4830,69249,126404,82654,0,717,0,14714,1235,8219,2532,127695
37,3835,508,0,314,229,0,394,0,0,905481,0,812,381,2148,60272,112648,59025,0,258,0,19766,497,8729,1023,106147
38,3365,181,115,430,206,0,213,0,0,890118,0,151,0,3391,62283,95140,47201,695,1118,0,13456,728,8624,1971,103464
39,3680,159,275,0,329,0,159,272,0,883121,0,0,256,1702,72648,85545,45718,695,168,0,5852,206,4174,761,74361
40,1866,0,387,146,125,0,252,414,0,862457,0,273,263,7965,60952,70724,30500,139,30,0,2035,94,3045,1066,62420
41,780,0,146,110,0,0,90,213,0,751921,149,2428,230,8612,72153,62508,25427,642,224,0,811,269,4439,464,45999
42,708,154,0,104,232,0,79,0,0,696916,0,255,0,5440,76412,71023,17871,139,197,0,1786,101,1800,369,31440
43,633,0,0,166,0,0,82,0,0,580414,0,0,213,6225,84992,64751,10461,0,143,0,220,384,1129,598,22610
44,452,0,0,142,0,0,75,0,0,476042,0,5070,259,4592,67722,60659,7394,0,470,0,245,0,1156,491,16744
45,424,0,153,0,0,0,0,0,0,359149,0,745,239,6691,47074,33288,9833,0,467,0,0,0,1417,274,12704
46,951,0,0,164,0,0,0,0,0,267802,0,0,0,7517,47862,19288,3651,0,887,0,0,0,118,126,8452
47,142,0,0,0,0,0,0,0,0,204300,0,0,210,3819,37916,19574,2080,0,1848,0,0,0,912,0,8889
48,280,0,0,135,0,0,0,0,0,137742,0,0,383,2496,37819,13603,4895,0,923,0,0,137,408,0,4308
49,306,0,0,0,0,0,0,0,0,93854,0,331,0,563,17136,8677,3164,0,569,0,0,0,292,0,4188
50,106,0,0,0,0,0,0,0,0,58365,0,0,0,1690,11270,5046,2147,0,0,0,0,0,178,0,3323
51,0,0,0,0,0,0,0,0,0,42797,0,0,0,830,7728,3760,1073,0,851,0,0,0,0,0,1272
52,0,0,0,0,0,0,0,0,0,31153,0,0,347,835,3970,2955,2775,0,0,0,0,0,0,0,3779
53,0,0,0,0,0,0,0,0,0,20147,0,0,0,0,1995,1406,1291,0,392,0,0,0,0,0,806
54,0,0,0,0,0,0,0,0,0,7519,0,0,0,1144,3420,892,847,0,478,0,0,0,0,0,545
55,0,0,0,0,0,0,0,0,0,6358,0,0,0,0,1511,0,436,0,0,0,0,0,0,0,270
56,0,0,0,0,0,0,0,0,0,5695,171,0,0,679,1454,1245,222,0,0,0,0,0,0,0,746
57,0,0,0,0,0,0,0,0,0,2295,0,0,0,0,586,819,0,0,0,0,0,0,0,0,336
58,0,0,0,0,0,0,0,0,0,1756,0,0,0,0,2083,0,0,0,0,0,0,0,0,0,162
59,0,0,0,0,0,0,0,0,0,1210,0,0,0,0,1882,0,0,0,0,0,0,0,0,0,0
60,0,0,0,0,0,0,0,0,0,591,0,0,0,0,548,0,0,0,0,0,0,0,0,0,403
61,0,0,0,0,0,0,0,0,0,173,0,0,0,0,1091,0,163,0,0,0,0,0,0,0,29
62,0,0,0,0,0,0,0,0,0,0,0,0,0,0,0,0,0,0,0,0,0,0,0,0,464
63,0,0,0,0,0,0,0,0,0,0,0,0,0,0,0,0,0,0,0,0,0,0,0,0,0
64,0,0,0,0,0,0,0,0,0,0,0,0,0,0,0,0,0,0,0,0,0,0,0,0,59
65,0,0,0,0,0,0,0,0,0,0,0,0,0,0,0,0,0,0,0,0,0,0,0,0,347
66,0,0,0,0,0,0,0,0,0,0,0,0,0,0,0,0,0,0,0,0,0,0,0,0,0
67,0,0,0,0,0,0,0,0,0,0,0,0,0,0,0,0,0,0,0,0,0,0,0,0,0
68,0,0,0,0,0,0,0,0,0,0,0,0,0,0,0,0,0,0,0,0,0,0,0,0,0
69,0,0,0,0,0,0,0,0,0,0,0,0,0,0,0,0,0,0,0,0,0,0,0,0,0
70,0,0,0,0,0,0,0,0,0,0,0,0,0,0,0,0,0,0,0,0,0,0,0,0,0
